Workbook

Sheet Dashboard
B2: 🎯 DSA MASTERY TRACKER
B5: =COUNTA('DSA Problem Tracker'!C:C,'Company Questions'!C:C)-2 -> 288 | D5: =COUNTIF('DSA Problem Tracker'!E:E,"Solved")+COUNTIF('Company Questions'!F:F,"Solved") -> 0 | F5: =COUNTIF('DSA Problem Tracker'!E:E,"In Progress")+COUNTIF('Company Questions'!F:F,"In Progress") -> 0 | H5: =B5-D5-F5 -> 288 | J5: =IF(B5>0,D5/B5,0) -> 0
B7: Total Problems | D7: ✓ Solved | F7: ⚡ In Progress | H7: 📋 Remaining | J7: 🎯 Complete
B10: 📅 This Week | E10: 📆 This Month | H10: 🔥 Last Solved
B11: =COUNTIFS('DSA Problem Tracker'!F:F,">="&TODAY()-7,'DSA Problem Tracker'!F:F,"<="&TODAY())+COUNTIFS('Company Questions'!G:G,">="&TODAY()-7,'Company Questions'!G:G,"<="&TODAY()) -> 0 | E11: =COUNTIFS('DSA Problem Tracker'!F:F,">="&DATE(YEAR(TODAY()),MONTH(TODAY()),1),'DSA Problem Tracker'!F:F,"<="&TODAY())+COUNTIFS('Company Questions'!G:G,">="&DATE(YEAR(TODAY()),MONTH(TODAY()),1),'Company Questions'!G:G,"<="&TODAY()) -> 0 | H11: =MAX('DSA Problem Tracker'!F:F,'Company Questions'!G:G) -> 0
B14: ⚡ DIFFICULTY BREAKDOWN
C15: Total | D15: Solved | E15: In Progress | F15: Remaining | G15: % Done
B16: 🟢 Easy | C16: =COUNTIF('DSA Problem Tracker'!D:D,"Easy")+COUNTIF('Company Questions'!D:D,"Easy") -> 31 | D16: =COUNTIFS('DSA Problem Tracker'!D:D,"Easy",'DSA Problem Tracker'!E:E,"Solved")+COUNTIFS('Company Questions'!D:D,"Easy",'Company Questions'!F:F,"Solved") -> 0 | E16: =COUNTIFS('DSA Problem Tracker'!D:D,"Easy",'DSA Problem Tracker'!E:E,"In Progress")+COUNTIFS('Company Questions'!D:D,"Easy",'Company Questions'!F:F,"In Progress") -> 0 | F16: =C16-D16-E16 -> 31 | G16: =IF(C16>0,D16/C16,0) -> 0
B17: 🟡 Medium | C17: =COUNTIF('DSA Problem Tracker'!D:D,"Medium")+COUNTIF('Company Questions'!D:D,"Medium") -> 203 | D17: =COUNTIFS('DSA Problem Tracker'!D:D,"Medium",'DSA Problem Tracker'!E:E,"Solved")+COUNTIFS('Company Questions'!D:D,"Medium",'Company Questions'!F:F,"Solved") -> 0 | E17: =COUNTIFS('DSA Problem Tracker'!D:D,"Medium",'DSA Problem Tracker'!E:E,"In Progress")+COUNTIFS('Company Questions'!D:D,"Medium",'Company Questions'!F:F,"In Progress") -> 0 | F17: =C17-D17-E17 -> 203 | G17: =IF(C17>0,D17/C17,0) -> 0
B18: 🔴 Hard | C18: =COUNTIF('DSA Problem Tracker'!D:D,"Hard")+COUNTIF('Company Questions'!D:D,"Hard") -> 54 | D18: =COUNTIFS('DSA Problem Tracker'!D:D,"Hard",'DSA Problem Tracker'!E:E,"Solved")+COUNTIFS('Company Questions'!D:D,"Hard",'Company Questions'!F:F,"Solved") -> 0 | E18: =COUNTIFS('DSA Problem Tracker'!D:D,"Hard",'DSA Problem Tracker'!E:E,"In Progress")+COUNTIFS('Company Questions'!D:D,"Hard",'Company Questions'!F:F,"In Progress") -> 0 | F18: =C18-D18-E18 -> 54 | G18: =IF(C18>0,D18/C18,0) -> 0
B21: 🏢 COMPANY-WISE PROGRESS
B22: Company | C22: Total | D22: Solved | E22: Progress | F22: Complete
B23: Google | C23: =COUNTIF('Company Questions'!B:B,"Google") -> 1 | D23: =COUNTIFS('Company Questions'!B:B,"Google",'Company Questions'!F:F,"Solved") -> 0 | E23: =COUNTIFS('Company Questions'!B:B,"Google",'Company Questions'!F:F,"In Progress") -> 0 | F23: =IF(C23>0,D23/C23,0) -> 0
B24: Amazon | C24: =COUNTIF('Company Questions'!B:B,"Amazon") -> 1 | D24: =COUNTIFS('Company Questions'!B:B,"Amazon",'Company Questions'!F:F,"Solved") -> 0 | E24: =COUNTIFS('Company Questions'!B:B,"Amazon",'Company Questions'!F:F,"In Progress") -> 0 | F24: =IF(C24>0,D24/C24,0) -> 0
B25: Microsoft | C25: =COUNTIF('Company Questions'!B:B,"Microsoft") -> 1 | D25: =COUNTIFS('Company Questions'!B:B,"Microsoft",'Company Questions'!F:F,"Solved") -> 0 | E25: =COUNTIFS('Company Questions'!B:B,"Microsoft",'Company Questions'!F:F,"In Progress") -> 0 | F25: =IF(C25>0,D25/C25,0) -> 0
B26: Meta | C26: =COUNTIF('Company Questions'!B:B,"Meta") -> 1 | D26: =COUNTIFS('Company Questions'!B:B,"Meta",'Company Questions'!F:F,"Solved") -> 0 | E26: =COUNTIFS('Company Questions'!B:B,"Meta",'Company Questions'!F:F,"In Progress") -> 0 | F26: =IF(C26>0,D26/C26,0) -> 0
B27: Apple | C27: =COUNTIF('Company Questions'!B:B,"Apple") -> 1 | D27: =COUNTIFS('Company Questions'!B:B,"Apple",'Company Questions'!F:F,"Solved") -> 0 | E27: =COUNTIFS('Company Questions'!B:B,"Apple",'Company Questions'!F:F,"In Progress") -> 0 | F27: =IF(C27>0,D27/C27,0) -> 0
B28: Netflix | C28: =COUNTIF('Company Questions'!B:B,"Netflix") -> 1 | D28: =COUNTIFS('Company Questions'!B:B,"Netflix",'Company Questions'!F:F,"Solved") -> 0 | E28: =COUNTIFS('Company Questions'!B:B,"Netflix",'Company Questions'!F:F,"In Progress") -> 0 | F28: =IF(C28>0,D28/C28,0) -> 0
B29: Adobe | C29: =COUNTIF('Company Questions'!B:B,"Adobe") -> 1 | D29: =COUNTIFS('Company Questions'!B:B,"Adobe",'Company Questions'!F:F,"Solved") -> 0 | E29: =COUNTIFS('Company Questions'!B:B,"Adobe",'Company Questions'!F:F,"In Progress") -> 0 | F29: =IF(C29>0,D29/C29,0) -> 0
B30: Uber | C30: =COUNTIF('Company Questions'!B:B,"Uber") -> 1 | D30: =COUNTIFS('Company Questions'!B:B,"Uber",'Company Questions'!F:F,"Solved") -> 0 | E30: =COUNTIFS('Company Questions'!B:B,"Uber",'Company Questions'!F:F,"In Progress") -> 0 | F30: =IF(C30>0,D30/C30,0) -> 0
B31: LinkedIn | C31: =COUNTIF('Company Questions'!B:B,"LinkedIn") -> 1 | D31: =COUNTIFS('Company Questions'!B:B,"LinkedIn",'Company Questions'!F:F,"Solved") -> 0 | E31: =COUNTIFS('Company Questions'!B:B,"LinkedIn",'Company Questions'!F:F,"In Progress") -> 0 | F31: =IF(C31>0,D31/C31,0) -> 0
B32: Salesforce | C32: =COUNTIF('Company Questions'!B:B,"Salesforce") -> 1 | D32: =COUNTIFS('Company Questions'!B:B,"Salesforce",'Company Questions'!F:F,"Solved") -> 0 | E32: =COUNTIFS('Company Questions'!B:B,"Salesforce",'Company Questions'!F:F,"In Progress") -> 0 | F32: =IF(C32>0,D32/C32,0) -> 0
B34: 📚 TOP PATTERNS TO MASTER
B35: Pattern | C35: Total | D35: Solved | E35: Progress | F35: %
B36: 🔄 Sliding Window | C36: 13 | D36: =COUNTIFS('DSA Problem Tracker'!B:B,"*Sliding Window*",'DSA Problem Tracker'!E:E,"Solved") -> 0 | E36: =COUNTIFS('DSA Problem Tracker'!B:B,"*Sliding Window*",'DSA Problem Tracker'!E:E,"In Progress") -> 0 | F36: =IF(C36>0,D36/C36,0) -> 0
B37: 💎 Dynamic Programming | C37: 49 | D37: =COUNTIFS('DSA Problem Tracker'!B:B,"*Dynamic Programming*",'DSA Problem Tracker'!E:E,"Solved") -> 0 | E37: =COUNTIFS('DSA Problem Tracker'!B:B,"*Dynamic Programming*",'DSA Problem Tracker'!E:E,"In Progress") -> 0 | F37: =IF(C37>0,D37/C37,0) -> 0
B38: 🌳 Trees | C38: 32 | D38: =COUNTIFS('DSA Problem Tracker'!B:B,"*Trees*",'DSA Problem Tracker'!E:E,"Solved") -> 0 | E38: =COUNTIFS('DSA Problem Tracker'!B:B,"*Trees*",'DSA Problem Tracker'!E:E,"In Progress") -> 0 | F38: =IF(C38>0,D38/C38,0) -> 0
B39: 🕸️ Graphs | C39: 13 | D39: =COUNTIFS('DSA Problem Tracker'!B:B,"*Graphs*",'DSA Problem Tracker'!E:E,"Solved") -> 0 | E39: =COUNTIFS('DSA Problem Tracker'!B:B,"*Graphs*",'DSA Problem Tracker'!E:E,"In Progress") -> 0 | F39: =IF(C39>0,D39/C39,0) -> 0
B40: ↩️ Backtracking | C40: 7 | D40: =COUNTIFS('DSA Problem Tracker'!B:B,"*Backtracking*",'DSA Problem Tracker'!E:E,"Solved") -> 0 | E40: =COUNTIFS('DSA Problem Tracker'!B:B,"*Backtracking*",'DSA Problem Tracker'!E:E,"In Progress") -> 0 | F40: =IF(C40>0,D40/C40,0) -> 0
B41: 👉 Two Pointers | C41: 6 | D41: =COUNTIFS('DSA Problem Tracker'!B:B,"*Two Pointers*",'DSA Problem Tracker'!E:E,"Solved") -> 0 | E41: =COUNTIFS('DSA Problem Tracker'!B:B,"*Two Pointers*",'DSA Problem Tracker'!E:E,"In Progress") -> 0 | F41: =IF(C41>0,D41/C41,0) -> 0
B42: 🔍 Binary Search | C42: 9 | D42: =COUNTIFS('DSA Problem Tracker'!B:B,"*Binary Search*",'DSA Problem Tracker'!E:E,"Solved") -> 0 | E42: =COUNTIFS('DSA Problem Tracker'!B:B,"*Binary Search*",'DSA Problem Tracker'!E:E,"In Progress") -> 0 | F42: =IF(C42>0,D42/C42,0) -> 0
B43: 🚶 BFS/DFS | C43: 9 | D43: =COUNTIFS('DSA Problem Tracker'!B:B,"*BFS/DFS*",'DSA Problem Tracker'!E:E,"Solved") -> 0 | E43: =COUNTIFS('DSA Problem Tracker'!B:B,"*BFS/DFS*",'DSA Problem Tracker'!E:E,"In Progress") -> 0 | F43: =IF(C43>0,D43/C43,0) -> 0
B44: 📊 Heaps & Stacks | C44: 13 | D44: =COUNTIFS('DSA Problem Tracker'!B:B,"*Heaps & Stacks*",'DSA Problem Tracker'!E:E,"Solved") -> 0 | E44: =COUNTIFS('DSA Problem Tracker'!B:B,"*Heaps & Stacks*",'DSA Problem Tracker'!E:E,"In Progress") -> 0 | F44: =IF(C44>0,D44/C44,0) -> 0
B45: 🔗 Linked List | C45: 7 | D45: =COUNTIFS('DSA Problem Tracker'!B:B,"*Linked List*",'DSA Problem Tracker'!E:E,"Solved") -> 0 | E45: =COUNTIFS('DSA Problem Tracker'!B:B,"*Linked List*",'DSA Problem Tracker'!E:E,"In Progress") -> 0 | F45: =IF(C45>0,D45/C45,0) -> 0
B47: 💡 TIP: When you mark a problem as 'Solved' in DSA Problem Tracker, it automatically marks the same problem in Company Questions! Use the dropdown in Status columns to select: Not Started, In Progress, or Solved. Dashboard updates automatically!

Sheet DSA Problem Tracker
A1: # | B1: Pattern/Technique | C1: Problem Name | D1: Difficulty | E1: Status | F1: Date Solved | G1: Notes | H1: Revisit
A2: 1 | B2: Fast and Slow Pointer | C2: Linked List Cycle II | D2: Medium
A3: 2 | C3: Remove nth Node from the End of List | D3: Medium
A4: 3 | C4: Find the Duplicate Number | D4: Medium
A5: 4 | C5: Palindrome Linked List | D5: Easy
A6: 5 | B6: Overlapping Intervals | C6: Merge Intervals | D6: Medium
A7: 6 | C7: Insert Interval | D7: Medium
A8: 7 | C8: My Calendar II | D8: Medium
A9: 8 | C9: Minimum Number of Arrows to Burst Balloons | D9: Medium
A10: 9 | C10: Non-overlapping Intervals | D10: Medium
A11: 10 | B11: Prefix Sum | C11: Find the Middle Index in Array | D11: Easy
A12: 11 | C12: Product of Array Except Self | D12: Medium
A13: 12 | C13: Maximum Product Subarray | D13: Medium
A14: 13 | C14: Number of Ways to Split Array | D14: Medium
A15: 14 | C15: Range Sum Query 2D | D15: Medium
A16: 15 | B16: Sliding Window - Fixed Size | C16: Maximum Sum Subarray of Size K | D16: Easy
A17: 16 | C17: Number of Subarrays Having Average Greater or Equal to Threshold | D17: Medium
A18: 17 | C18: Repeated DNA Sequences | D18: Medium
A19: 18 | C19: Permutation in String | D19: Medium
A20: 19 | C20: Sliding Subarray Beauty | D20: Medium
A21: 20 | C21: Sliding Window Maximum | D21: Hard
A22: 21 | B22: Sliding Window - Variable Size | C22: Longest Substring Without Repeating Characters | D22: Medium
A23: 22 | C23: Minimum Size Subarray Sum | D23: Medium
A24: 23 | C24: Subarray Product Less Than K | D24: Medium
A25: 24 | C25: Max Consecutive Ones | D25: Easy
A26: 25 | C26: Fruits Into Baskets | D26: Medium
A27: 26 | C27: Count Number of Nice Subarrays | D27: Medium
A28: 27 | C28: Minimum Window Substring | D28: Hard
A29: 28 | B29: Two Pointers | C29: Two Sum II - Input Array is Sorted | D29: Medium
A30: 29 | C30: Sort Colors | D30: Medium
A31: 30 | C31: Next Permutation | D31: Medium
A32: 31 | C32: Bag of Tokens | D32: Medium
A33: 32 | C33: Container with Most Water | D33: Medium
A34: 33 | C34: Trapping Rain Water | D34: Hard
A35: 34 | B35: Cyclic Sort | C35: Missing Number | D35: Easy
A36: 35 | C36: Find Missing Numbers | D36: Easy
A37: 36 | C37: Set Mismatch | D37: Easy
A38: 37 | C38: First Missing Positive | D38: Hard
A39: 38 | B39: Reversal of Linked List | C39: Reverse Linked List | D39: Easy
A40: 39 | C40: Reverse Nodes in k-Group | D40: Hard
A41: 40 | C41: Swap Nodes in Pairs | D41: Medium
A42: 41 | B42: Matrix Manipulation | C42: Rotate Image | D42: Medium
A43: 42 | C43: Spiral Matrix | D43: Medium
A44: 43 | C44: Set Matrix Zeroes | D44: Medium
A45: 44 | C45: Game of Life | D45: Medium
A46: 45 | B46: Breadth First Search (BFS) | C46: Shortest Path in Binary Matrix | D46: Medium
A47: 46 | C47: Rotten Oranges | D47: Medium
A48: 47 | C48: As Far From Land as Possible | D48: Medium
A49: 48 | C49: Word Ladder | D49: Hard
A50: 49 | B50: Depth First Search (DFS) | C50: Number of Closed Islands | D50: Medium
A51: 50 | C51: Coloring a Border | D51: Medium
A52: 51 | C52: Number of Enclaves | D52: Medium
A53: 52 | C53: Time Needed to Inform All Employees | D53: Medium
A54: 53 | C54: Find Eventual Safe States | D54: Medium
A55: 54 | B55: Backtracking | C55: Permutation II | D55: Medium
A56: 55 | C56: Combination Sum | D56: Medium
A57: 56 | C57: Generate Parenthesis | D57: Medium
A58: 57 | C58: N-Queens | D58: Hard
A59: 58 | C59: Sudoku Solver | D59: Hard
A60: 59 | C60: Palindrome Partitioning | D60: Medium
A61: 60 | C61: Word Search | D61: Medium
A62: 61 | B62: Modified Binary Search | C62: Search in Rotated Sorted Array | D62: Medium
A63: 62 | C63: Find Minimum in Rotated Sorted Array | D63: Medium
A64: 63 | C64: Find Peak Element | D64: Medium
A65: 64 | C65: Single Element in a Sorted Array | D65: Medium
A66: 65 | C66: Minimum Time to Arrive on Time | D66: Medium
A67: 66 | C67: Capacity to Ship Packages Within 'd' Days | D67: Medium
A68: 67 | C68: Koko Eating Bananas | D68: Medium
A69: 68 | C69: Find in Mountain Array | D69: Hard
A70: 69 | C70: Median of Two Sorted Arrays | D70: Hard
A71: 70 | B71: Bitwise XOR | C71: Missing Number | D71: Easy
A72: 71 | C72: Single Number II | D72: Medium
A73: 72 | C73: Single Number III | D73: Medium
A74: 73 | C74: Find the Original Array of Prefix XOR | D74: Medium
A75: 74 | C75: XOR Queries of a Subarray | D75: Medium
A76: 75 | B76: Top 'K' Elements | C76: Top K Frequent Elements | D76: Medium
A77: 76 | C77: Kth Largest Element | D77: Medium
A78: 77 | C78: Ugly Number II | D78: Medium
A79: 78 | C79: K Closest Points to Origin | D79: Medium
A80: 79 | B80: K-way Merge | C80: Find K Pairs with Smallest Sums | D80: Medium
A81: 80 | C81: Kth Smallest Element in a Sorted Matrix | D81: Medium
A82: 81 | C82: Merge K Sorted Lists | D82: Hard
A83: 82 | C83: Smallest Range Covering Elements from K Lists | D83: Hard
A84: 83 | B84: Two Heaps | C84: Find Median from Data Stream | D84: Hard
A85: 84 | C85: Sliding Window Median | D85: Hard
A86: 85 | C86: IPO | D86: Hard
A87: 86 | B87: Monotonic Stack | C87: Next Greater Element II | D87: Medium
A88: 87 | C88: Next Greater Node in Linked List | D88: Medium
A89: 88 | C89: Daily Temperatures | D89: Medium
A90: 89 | C90: Online Stock Span | D90: Medium
A91: 90 | C91: Maximum Width Ramp | D91: Medium
A92: 91 | C92: Largest Rectangle in Histogram | D92: Hard
A93: 92 | B93: Trees - Level Order Traversal | C93: Binary Tree Level Order Traversal | D93: Medium
A94: 93 | C94: Binary Tree Zigzag Level Order Traversal | D94: Medium
A95: 94 | C95: Even Odd Tree | D95: Medium
A96: 95 | C96: Reverse Odd Levels | D96: Medium
A97: 96 | C97: Deepest Leaves Sum | D97: Medium
A98: 97 | C98: Add One Row to Tree | D98: Medium
A99: 98 | C99: Maximum Width of Binary Tree | D99: Medium
A100: 99 | C100: All Nodes Distance K in Binary Tree | D100: Medium
...

Sheet Company Questions
A1: # | B1: Company | C1: Problem Name | D1: Difficulty | E1: Pattern | F1: Status | G1: Date Solved | H1: Notes | I1: Revisit
A2: 1 | B2: Google | C2: Longest Substring Without Repeating Characters | D2: Medium | E2: Sliding Window | F2: =IF(COUNTIFS('DSA Problem Tracker'!$C:$C,C2,'DSA Problem Tracker'!$E:$E,"Solved")>0,"Solved","") | G2: =IF(F2="Solved",IF(COUNTIFS('DSA Problem Tracker'!$C:$C,C2,'DSA Problem Tracker'!$E:$E,"Solved")>0,INDEX('DSA Problem Tracker'!$F:$F,MATCH(C2,'DSA Problem Tracker'!$C:$C,0)),TODAY()),"")
A3: 2 | C3: Container With Most Water | D3: Medium | E3: Two Pointers | F3: =IF(COUNTIFS('DSA Problem Tracker'!$C:$C,C3,'DSA Problem Tracker'!$E:$E,"Solved")>0,"Solved","") | G3: =IF(F3="Solved",IF(COUNTIFS('DSA Problem Tracker'!$C:$C,C3,'DSA Problem Tracker'!$E:$E,"Solved")>0,INDEX('DSA Problem Tracker'!$F:$F,MATCH(C3,'DSA Problem Tracker'!$C:$C,0)),TODAY()),"")
A4: 3 | C4: Merge Intervals | D4: Medium | E4: Intervals | F4: =IF(COUNTIFS('DSA Problem Tracker'!$C:$C,C4,'DSA Problem Tracker'!$E:$E,"Solved")>0,"Solved","") | G4: =IF(F4="Solved",IF(COUNTIFS('DSA Problem Tracker'!$C:$C,C4,'DSA Problem Tracker'!$E:$E,"Solved")>0,INDEX('DSA Problem Tracker'!$F:$F,MATCH(C4,'DSA Problem Tracker'!$C:$C,0)),TODAY()),"")
A5: 4 | C5: LRU Cache | D5: Medium | E5: Design | F5: =IF(COUNTIFS('DSA Problem Tracker'!$C:$C,C5,'DSA Problem Tracker'!$E:$E,"Solved")>0,"Solved","") | G5: =IF(F5="Solved",IF(COUNTIFS('DSA Problem Tracker'!$C:$C,C5,'DSA Problem Tracker'!$E:$E,"Solved")>0,INDEX('DSA Problem Tracker'!$F:$F,MATCH(C5,'DSA Problem Tracker'!$C:$C,0)),TODAY()),"")
A6: 5 | C6: Word Ladder | D6: Hard | E6: BFS | F6: =IF(COUNTIFS('DSA Problem Tracker'!$C:$C,C6,'DSA Problem Tracker'!$E:$E,"Solved")>0,"Solved","") | G6: =IF(F6="Solved",IF(COUNTIFS('DSA Problem Tracker'!$C:$C,C6,'DSA Problem Tracker'!$E:$E,"Solved")>0,INDEX('DSA Problem Tracker'!$F:$F,MATCH(C6,'DSA Problem Tracker'!$C:$C,0)),TODAY()),"")
A7: 6 | C7: Trapping Rain Water | D7: Hard | E7: Two Pointers | F7: =IF(COUNTIFS('DSA Problem Tracker'!$C:$C,C7,'DSA Problem Tracker'!$E:$E,"Solved")>0,"Solved","") | G7: =IF(F7="Solved",IF(COUNTIFS('DSA Problem Tracker'!$C:$C,C7,'DSA Problem Tracker'!$E:$E,"Solved")>0,INDEX('DSA Problem Tracker'!$F:$F,MATCH(C7,'DSA Problem Tracker'!$C:$C,0)),TODAY()),"")
A8: 7 | C8: Median of Two Sorted Arrays | D8: Hard | E8: Binary Search | F8: =IF(COUNTIFS('DSA Problem Tracker'!$C:$C,C8,'DSA Problem Tracker'!$E:$E,"Solved")>0,"Solved","") | G8: =IF(F8="Solved",IF(COUNTIFS('DSA Problem Tracker'!$C:$C,C8,'DSA Problem Tracker'!$E:$E,"Solved")>0,INDEX('DSA Problem Tracker'!$F:$F,MATCH(C8,'DSA Problem Tracker'!$C:$C,0)),TODAY()),"")
A9: 8 | C9: Serialize and Deserialize Binary Tree | D9: Hard | E9: Trees | F9: =IF(COUNTIFS('DSA Problem Tracker'!$C:$C,C9,'DSA Problem Tracker'!$E:$E,"Solved")>0,"Solved","") | G9: =IF(F9="Solved",IF(COUNTIFS('DSA Problem Tracker'!$C:$C,C9,'DSA Problem Tracker'!$E:$E,"Solved")>0,INDEX('DSA Problem Tracker'!$F:$F,MATCH(C9,'DSA Problem Tracker'!$C:$C,0)),TODAY()),"")
A10: 9 | C10: Number of Islands | D10: Medium | E10: DFS/BFS | F10: =IF(COUNTIFS('DSA Problem Tracker'!$C:$C,C10,'DSA Problem Tracker'!$E:$E,"Solved")>0,"Solved","") | G10: =IF(F10="Solved",IF(COUNTIFS('DSA Problem Tracker'!$C:$C,C10,'DSA Problem Tracker'!$E:$E,"Solved")>0,INDEX('DSA Problem Tracker'!$F:$F,MATCH(C10,'DSA Problem Tracker'!$C:$C,0)),TODAY()),"")
A11: 10 | C11: Valid Parentheses | D11: Easy | E11: Stack | F11: =IF(COUNTIFS('DSA Problem Tracker'!$C:$C,C11,'DSA Problem Tracker'!$E:$E,"Solved")>0,"Solved","") | G11: =IF(F11="Solved",IF(COUNTIFS('DSA Problem Tracker'!$C:$C,C11,'DSA Problem Tracker'!$E:$E,"Solved")>0,INDEX('DSA Problem Tracker'!$F:$F,MATCH(C11,'DSA Problem Tracker'!$C:$C,0)),TODAY()),"")
A12: 11 | B12: Amazon | C12: Two Sum | D12: Easy | E12: Hash Map | F12: =IF(COUNTIFS('DSA Problem Tracker'!$C:$C,C12,'DSA Problem Tracker'!$E:$E,"Solved")>0,"Solved","") | G12: =IF(F12="Solved",IF(COUNTIFS('DSA Problem Tracker'!$C:$C,C12,'DSA Problem Tracker'!$E:$E,"Solved")>0,INDEX('DSA Problem Tracker'!$F:$F,MATCH(C12,'DSA Problem Tracker'!$C:$C,0)),TODAY()),"")
A13: 12 | C13: Product of Array Except Self | D13: Medium | E13: Prefix Sum | F13: =IF(COUNTIFS('DSA Problem Tracker'!$C:$C,C13,'DSA Problem Tracker'!$E:$E,"Solved")>0,"Solved","") | G13: =IF(F13="Solved",IF(COUNTIFS('DSA Problem Tracker'!$C:$C,C13,'DSA Problem Tracker'!$E:$E,"Solved")>0,INDEX('DSA Problem Tracker'!$F:$F,MATCH(C13,'DSA Problem Tracker'!$C:$C,0)),TODAY()),"")
A14: 13 | C14: Merge K Sorted Lists | D14: Hard | E14: K-way Merge | F14: =IF(COUNTIFS('DSA Problem Tracker'!$C:$C,C14,'DSA Problem Tracker'!$E:$E,"Solved")>0,"Solved","") | G14: =IF(F14="Solved",IF(COUNTIFS('DSA Problem Tracker'!$C:$C,C14,'DSA Problem Tracker'!$E:$E,"Solved")>0,INDEX('DSA Problem Tracker'!$F:$F,MATCH(C14,'DSA Problem Tracker'!$C:$C,0)),TODAY()),"")
A15: 14 | C15: LRU Cache | D15: Medium | E15: Design | F15: =IF(COUNTIFS('DSA Problem Tracker'!$C:$C,C15,'DSA Problem Tracker'!$E:$E,"Solved")>0,"Solved","") | G15: =IF(F15="Solved",IF(COUNTIFS('DSA Problem Tracker'!$C:$C,C15,'DSA Problem Tracker'!$E:$E,"Solved")>0,INDEX('DSA Problem Tracker'!$F:$F,MATCH(C15,'DSA Problem Tracker'!$C:$C,0)),TODAY()),"")
A16: 15 | C16: Word Break | D16: Medium | E16: DP | F16: =IF(COUNTIFS('DSA Problem Tracker'!$C:$C,C16,'DSA Problem Tracker'!$E:$E,"Solved")>0,"Solved","") | G16: =IF(F16="Solved",IF(COUNTIFS('DSA Problem Tracker'!$C:$C,C16,'DSA Problem Tracker'!$E:$E,"Solved")>0,INDEX('DSA Problem Tracker'!$F:$F,MATCH(C16,'DSA Problem Tracker'!$C:$C,0)),TODAY()),"")
A17: 16 | C17: Top K Frequent Elements | D17: Medium | E17: Heap | F17: =IF(COUNTIFS('DSA Problem Tracker'!$C:$C,C17,'DSA Problem Tracker'!$E:$E,"Solved")>0,"Solved","") | G17: =IF(F17="Solved",IF(COUNTIFS('DSA Problem Tracker'!$C:$C,C17,'DSA Problem Tracker'!$E:$E,"Solved")>0,INDEX('DSA Problem Tracker'!$F:$F,MATCH(C17,'DSA Problem Tracker'!$C:$C,0)),TODAY()),"")
A18: 17 | C18: Copy List with Random Pointer | D18: Medium | E18: Linked List | F18: =IF(COUNTIFS('DSA Problem Tracker'!$C:$C,C18,'DSA Problem Tracker'!$E:$E,"Solved")>0,"Solved","") | G18: =IF(F18="Solved",IF(COUNTIFS('DSA Problem Tracker'!$C:$C,C18,'DSA Problem Tracker'!$E:$E,"Solved")>0,INDEX('DSA Problem Tracker'!$F:$F,MATCH(C18,'DSA Problem Tracker'!$C:$C,0)),TODAY()),"")
A19: 18 | C19: Min Cost to Connect All Points | D19: Medium | E19: Graph | F19: =IF(COUNTIFS('DSA Problem Tracker'!$C:$C,C19,'DSA Problem Tracker'!$E:$E,"Solved")>0,"Solved","") | G19: =IF(F19="Solved",IF(COUNTIFS('DSA Problem Tracker'!$C:$C,C19,'DSA Problem Tracker'!$E:$E,"Solved")>0,INDEX('DSA Problem Tracker'!$F:$F,MATCH(C19,'DSA Problem Tracker'!$C:$C,0)),TODAY()),"")
A20: 19 | C20: Number of Provinces | D20: Medium | E20: Union Find | F20: =IF(COUNTIFS('DSA Problem Tracker'!$C:$C,C20,'DSA Problem Tracker'!$E:$E,"Solved")>0,"Solved","") | G20: =IF(F20="Solved",IF(COUNTIFS('DSA Problem Tracker'!$C:$C,C20,'DSA Problem Tracker'!$E:$E,"Solved")>0,INDEX('DSA Problem Tracker'!$F:$F,MATCH(C20,'DSA Problem Tracker'!$C:$C,0)),TODAY()),"")
A21: 20 | C21: Critical Connections in a Network | D21: Hard | E21: Graph | F21: =IF(COUNTIFS('DSA Problem Tracker'!$C:$C,C21,'DSA Problem Tracker'!$E:$E,"Solved")>0,"Solved","") | G21: =IF(F21="Solved",IF(COUNTIFS('DSA Problem Tracker'!$C:$C,C21,'DSA Problem Tracker'!$E:$E,"Solved")>0,INDEX('DSA Problem Tracker'!$F:$F,MATCH(C21,'DSA Problem Tracker'!$C:$C,0)),TODAY()),"")
A22: 21 | B22: Microsoft | C22: Reverse Linked List | D22: Easy | E22: Linked List | F22: =IF(COUNTIFS('DSA Problem Tracker'!$C:$C,C22,'DSA Problem Tracker'!$E:$E,"Solved")>0,"Solved","") | G22: =IF(F22="Solved",IF(COUNTIFS('DSA Problem Tracker'!$C:$C,C22,'DSA Problem Tracker'!$E:$E,"Solved")>0,INDEX('DSA Problem Tracker'!$F:$F,MATCH(C22,'DSA Problem Tracker'!$C:$C,0)),TODAY()),"")
A23: 22 | C23: Excel Sheet Column Number | D23: Easy | E23: Math | F23: =IF(COUNTIFS('DSA Problem Tracker'!$C:$C,C23,'DSA Problem Tracker'!$E:$E,"Solved")>0,"Solved","") | G23: =IF(F23="Solved",IF(COUNTIFS('DSA Problem Tracker'!$C:$C,C23,'DSA Problem Tracker'!$E:$E,"Solved")>0,INDEX('DSA Problem Tracker'!$F:$F,MATCH(C23,'DSA Problem Tracker'!$C:$C,0)),TODAY()),"")
A24: 23 | C24: Rotate Image | D24: Medium | E24: Matrix | F24: =IF(COUNTIFS('DSA Problem Tracker'!$C:$C,C24,'DSA Problem Tracker'!$E:$E,"Solved")>0,"Solved","") | G24: =IF(F24="Solved",IF(COUNTIFS('DSA Problem Tracker'!$C:$C,C24,'DSA Problem Tracker'!$E:$E,"Solved")>0,INDEX('DSA Problem Tracker'!$F:$F,MATCH(C24,'DSA Problem Tracker'!$C:$C,0)),TODAY()),"")
A25: 24 | C25: Design Twitter | D25: Medium | E25: Design | F25: =IF(COUNTIFS('DSA Problem Tracker'!$C:$C,C25,'DSA Problem Tracker'!$E:$E,"Solved")>0,"Solved","") | G25: =IF(F25="Solved",IF(COUNTIFS('DSA Problem Tracker'!$C:$C,C25,'DSA Problem Tracker'!$E:$E,"Solved")>0,INDEX('DSA Problem Tracker'!$F:$F,MATCH(C25,'DSA Problem Tracker'!$C:$C,0)),TODAY()),"")
A26: 25 | C26: Word Search | D26: Medium | E26: Backtracking | F26: =IF(COUNTIFS('DSA Problem Tracker'!$C:$C,C26,'DSA Problem Tracker'!$E:$E,"Solved")>0,"Solved","") | G26: =IF(F26="Solved",IF(COUNTIFS('DSA Problem Tracker'!$C:$C,C26,'DSA Problem Tracker'!$E:$E,"Solved")>0,INDEX('DSA Problem Tracker'!$F:$F,MATCH(C26,'DSA Problem Tracker'!$C:$C,0)),TODAY()),"")
A27: 26 | C27: Clone Graph | D27: Medium | E27: DFS | F27: =IF(COUNTIFS('DSA Problem Tracker'!$C:$C,C27,'DSA Problem Tracker'!$E:$E,"Solved")>0,"Solved","") | G27: =IF(F27="Solved",IF(COUNTIFS('DSA Problem Tracker'!$C:$C,C27,'DSA Problem Tracker'!$E:$E,"Solved")>0,INDEX('DSA Problem Tracker'!$F:$F,MATCH(C27,'DSA Problem Tracker'!$C:$C,0)),TODAY()),"")
A28: 27 | C28: Longest Palindromic Substring | D28: Medium | E28: DP | F28: =IF(COUNTIFS('DSA Problem Tracker'!$C:$C,C28,'DSA Problem Tracker'!$E:$E,"Solved")>0,"Solved","") | G28: =IF(F28="Solved",IF(COUNTIFS('DSA Problem Tracker'!$C:$C,C28,'DSA Problem Tracker'!$E:$E,"Solved")>0,INDEX('DSA Problem Tracker'!$F:$F,MATCH(C28,'DSA Problem Tracker'!$C:$C,0)),TODAY()),"")
A29: 28 | C29: Maximal Rectangle | D29: Hard | E29: Stack | F29: =IF(COUNTIFS('DSA Problem Tracker'!$C:$C,C29,'DSA Problem Tracker'!$E:$E,"Solved")>0,"Solved","") | G29: =IF(F29="Solved",IF(COUNTIFS('DSA Problem Tracker'!$C:$C,C29,'DSA Problem Tracker'!$E:$E,"Solved")>0,INDEX('DSA Problem Tracker'!$F:$F,MATCH(C29,'DSA Problem Tracker'!$C:$C,0)),TODAY()),"")
A30: 29 | C30: Course Schedule II | D30: Medium | E30: Topological Sort | F30: =IF(COUNTIFS('DSA Problem Tracker'!$C:$C,C30,'DSA Problem Tracker'!$E:$E,"Solved")>0,"Solved","") | G30: =IF(F30="Solved",IF(COUNTIFS('DSA Problem Tracker'!$C:$C,C30,'DSA Problem Tracker'!$E:$E,"Solved")>0,INDEX('DSA Problem Tracker'!$F:$F,MATCH(C30,'DSA Problem Tracker'!$C:$C,0)),TODAY()),"")
A31: 30 | C31: Lowest Common Ancestor | D31: Medium | E31: Trees | F31: =IF(COUNTIFS('DSA Problem Tracker'!$C:$C,C31,'DSA Problem Tracker'!$E:$E,"Solved")>0,"Solved","") | G31: =IF(F31="Solved",IF(COUNTIFS('DSA Problem Tracker'!$C:$C,C31,'DSA Problem Tracker'!$E:$E,"Solved")>0,INDEX('DSA Problem Tracker'!$F:$F,MATCH(C31,'DSA Problem Tracker'!$C:$C,0)),TODAY()),"")
A32: 31 | B32: Meta | C32: Valid Palindrome | D32: Easy | E32: Two Pointers | F32: =IF(COUNTIFS('DSA Problem Tracker'!$C:$C,C32,'DSA Problem Tracker'!$E:$E,"Solved")>0,"Solved","") | G32: =IF(F32="Solved",IF(COUNTIFS('DSA Problem Tracker'!$C:$C,C32,'DSA Problem Tracker'!$E:$E,"Solved")>0,INDEX('DSA Problem Tracker'!$F:$F,MATCH(C32,'DSA Problem Tracker'!$C:$C,0)),TODAY()),"")
A33: 32 | C33: Binary Tree Vertical Order Traversal | D33: Medium | E33: Trees | F33: =IF(COUNTIFS('DSA Problem Tracker'!$C:$C,C33,'DSA Problem Tracker'!$E:$E,"Solved")>0,"Solved","") | G33: =IF(F33="Solved",IF(COUNTIFS('DSA Problem Tracker'!$C:$C,C33,'DSA Problem Tracker'!$E:$E,"Solved")>0,INDEX('DSA Problem Tracker'!$F:$F,MATCH(C33,'DSA Problem Tracker'!$C:$C,0)),TODAY()),"")
A34: 33 | C34: Subarray Sum Equals K | D34: Medium | E34: Prefix Sum | F34: =IF(COUNTIFS('DSA Problem Tracker'!$C:$C,C34,'DSA Problem Tracker'!$E:$E,"Solved")>0,"Solved","") | G34: =IF(F34="Solved",IF(COUNTIFS('DSA Problem Tracker'!$C:$C,C34,'DSA Problem Tracker'!$E:$E,"Solved")>0,INDEX('DSA Problem Tracker'!$F:$F,MATCH(C34,'DSA Problem Tracker'!$C:$C,0)),TODAY()),"")
A35: 34 | C35: Merge Intervals | D35: Medium | E35: Intervals | F35: =IF(COUNTIFS('DSA Problem Tracker'!$C:$C,C35,'DSA Problem Tracker'!$E:$E,"Solved")>0,"Solved","") | G35: =IF(F35="Solved",IF(COUNTIFS('DSA Problem Tracker'!$C:$C,C35,'DSA Problem Tracker'!$E:$E,"Solved")>0,INDEX('DSA Problem Tracker'!$F:$F,MATCH(C35,'DSA Problem Tracker'!$C:$C,0)),TODAY()),"")
A36: 35 | C36: Expression Add Operators | D36: Hard | E36: Backtracking | F36: =IF(COUNTIFS('DSA Problem Tracker'!$C:$C,C36,'DSA Problem Tracker'!$E:$E,"Solved")>0,"Solved","") | G36: =IF(F36="Solved",IF(COUNTIFS('DSA Problem Tracker'!$C:$C,C36,'DSA Problem Tracker'!$E:$E,"Solved")>0,INDEX('DSA Problem Tracker'!$F:$F,MATCH(C36,'DSA Problem Tracker'!$C:$C,0)),TODAY()),"")
A37: 36 | C37: Random Pick with Weight | D37: Medium | E37: Binary Search | F37: =IF(COUNTIFS('DSA Problem Tracker'!$C:$C,C37,'DSA Problem Tracker'!$E:$E,"Solved")>0,"Solved","") | G37: =IF(F37="Solved",IF(COUNTIFS('DSA Problem Tracker'!$C:$C,C37,'DSA Problem Tracker'!$E:$E,"Solved")>0,INDEX('DSA Problem Tracker'!$F:$F,MATCH(C37,'DSA Problem Tracker'!$C:$C,0)),TODAY()),"")
A38: 37 | C38: Verifying an Alien Dictionary | D38: Easy | E38: Hash Map | F38: =IF(COUNTIFS('DSA Problem Tracker'!$C:$C,C38,'DSA Problem Tracker'!$E:$E,"Solved")>0,"Solved","") | G38: =IF(F38="Solved",IF(COUNTIFS('DSA Problem Tracker'!$C:$C,C38,'DSA Problem Tracker'!$E:$E,"Solved")>0,INDEX('DSA Problem Tracker'!$F:$F,MATCH(C38,'DSA Problem Tracker'!$C:$C,0)),TODAY()),"")
A39: 38 | C39: Buildings With Ocean View | D39: Medium | E39: Stack | F39: =IF(COUNTIFS('DSA Problem Tracker'!$C:$C,C39,'DSA Problem Tracker'!$E:$E,"Solved")>0,"Solved","") | G39: =IF(F39="Solved",IF(COUNTIFS('DSA Problem Tracker'!$C:$C,C39,'DSA Problem Tracker'!$E:$E,"Solved")>0,INDEX('DSA Problem Tracker'!$F:$F,MATCH(C39,'DSA Problem Tracker'!$C:$C,0)),TODAY()),"")
A40: 39 | C40: Minimum Remove to Make Valid Parentheses | D40: Medium | E40: Stack | F40: =IF(COUNTIFS('DSA Problem Tracker'!$C:$C,C40,'DSA Problem Tracker'!$E:$E,"Solved")>0,"Solved","") | G40: =IF(F40="Solved",IF(COUNTIFS('DSA Problem Tracker'!$C:$C,C40,'DSA Problem Tracker'!$E:$E,"Solved")>0,INDEX('DSA Problem Tracker'!$F:$F,MATCH(C40,'DSA Problem Tracker'!$C:$C,0)),TODAY()),"")
A41: 40 | C41: Product Suggestions | D41: Medium | E41: Trie | F41: =IF(COUNTIFS('DSA Problem Tracker'!$C:$C,C41,'DSA Problem Tracker'!$E:$E,"Solved")>0,"Solved","") | G41: =IF(F41="Solved",IF(COUNTIFS('DSA Problem Tracker'!$C:$C,C41,'DSA Problem Tracker'!$E:$E,"Solved")>0,INDEX('DSA Problem Tracker'!$F:$F,MATCH(C41,'DSA Problem Tracker'!$C:$C,0)),TODAY()),"")
A42: 41 | B42: Apple | C42: Two Sum | D42: Easy | E42: Hash Map | F42: =IF(COUNTIFS('DSA Problem Tracker'!$C:$C,C42,'DSA Problem Tracker'!$E:$E,"Solved")>0,"Solved","") | G42: =IF(F42="Solved",IF(COUNTIFS('DSA Problem Tracker'!$C:$C,C42,'DSA Problem Tracker'!$E:$E,"Solved")>0,INDEX('DSA Problem Tracker'!$F:$F,MATCH(C42,'DSA Problem Tracker'!$C:$C,0)),TODAY()),"")
A43: 42 | C43: Palindrome Linked List | D43: Easy | E43: Linked List | F43: =IF(COUNTIFS('DSA Problem Tracker'!$C:$C,C43,'DSA Problem Tracker'!$E:$E,"Solved")>0,"Solved","") | G43: =IF(F43="Solved",IF(COUNTIFS('DSA Problem Tracker'!$C:$C,C43,'DSA Problem Tracker'!$E:$E,"Solved")>0,INDEX('DSA Problem Tracker'!$F:$F,MATCH(C43,'DSA Problem Tracker'!$C:$C,0)),TODAY()),"")
A44: 43 | C44: Number of Islands | D44: Medium | E44: DFS/BFS | F44: =IF(COUNTIFS('DSA Problem Tracker'!$C:$C,C44,'DSA Problem Tracker'!$E:$E,"Solved")>0,"Solved","") | G44: =IF(F44="Solved",IF(COUNTIFS('DSA Problem Tracker'!$C:$C,C44,'DSA Problem Tracker'!$E:$E,"Solved")>0,INDEX('DSA Problem Tracker'!$F:$F,MATCH(C44,'DSA Problem Tracker'!$C:$C,0)),TODAY()),"")
A45: 44 | C45: Kth Largest Element | D45: Medium | E45: Heap | F45: =IF(COUNTIFS('DSA Problem Tracker'!$C:$C,C45,'DSA Problem Tracker'!$E:$E,"Solved")>0,"Solved","") | G45: =IF(F45="Solved",IF(COUNTIFS('DSA Problem Tracker'!$C:$C,C45,'DSA Problem Tracker'!$E:$E,"Solved")>0,INDEX('DSA Problem Tracker'!$F:$F,MATCH(C45,'DSA Problem Tracker'!$C:$C,0)),TODAY()),"")
A46: 45 | C46: Design Hit Counter | D46: Medium | E46: Design | F46: =IF(COUNTIFS('DSA Problem Tracker'!$C:$C,C46,'DSA Problem Tracker'!$E:$E,"Solved")>0,"Solved","") | G46: =IF(F46="Solved",IF(COUNTIFS('DSA Problem Tracker'!$C:$C,C46,'DSA Problem Tracker'!$E:$E,"Solved")>0,INDEX('DSA Problem Tracker'!$F:$F,MATCH(C46,'DSA Problem Tracker'!$C:$C,0)),TODAY()),"")
A47: 46 | C47: Maximum Subarray | D47: Medium | E47: Kadane | F47: =IF(COUNTIFS('DSA Problem Tracker'!$C:$C,C47,'DSA Problem Tracker'!$E:$E,"Solved")>0,"Solved","") | G47: =IF(F47="Solved",IF(COUNTIFS('DSA Problem Tracker'!$C:$C,C47,'DSA Problem Tracker'!$E:$E,"Solved")>0,INDEX('DSA Problem Tracker'!$F:$F,MATCH(C47,'DSA Problem Tracker'!$C:$C,0)),TODAY()),"")
A48: 47 | C48: Binary Tree Level Order Traversal | D48: Medium | E48: BFS | F48: =IF(COUNTIFS('DSA Problem Tracker'!$C:$C,C48,'DSA Problem Tracker'!$E:$E,"Solved")>0,"Solved","") | G48: =IF(F48="Solved",IF(COUNTIFS('DSA Problem Tracker'!$C:$C,C48,'DSA Problem Tracker'!$E:$E,"Solved")>0,INDEX('DSA Problem Tracker'!$F:$F,MATCH(C48,'DSA Problem Tracker'!$C:$C,0)),TODAY()),"")
A49: 48 | C49: Decode Ways | D49: Medium | E49: DP | F49: =IF(COUNTIFS('DSA Problem Tracker'!$C:$C,C49,'DSA Problem Tracker'!$E:$E,"Solved")>0,"Solved","") | G49: =IF(F49="Solved",IF(COUNTIFS('DSA Problem Tracker'!$C:$C,C49,'DSA Problem Tracker'!$E:$E,"Solved")>0,INDEX('DSA Problem Tracker'!$F:$F,MATCH(C49,'DSA Problem Tracker'!$C:$C,0)),TODAY()),"")
A50: 49 | C50: Sliding Window Maximum | D50: Hard | E50: Monotonic Queue | F50: =IF(COUNTIFS('DSA Problem Tracker'!$C:$C,C50,'DSA Problem Tracker'!$E:$E,"Solved")>0,"Solved","") | G50: =IF(F50="Solved",IF(COUNTIFS('DSA Problem Tracker'!$C:$C,C50,'DSA Problem Tracker'!$E:$E,"Solved")>0,INDEX('DSA Problem Tracker'!$F:$F,MATCH(C50,'DSA Problem Tracker'!$C:$C,0)),TODAY()),"")
A51: 50 | C51: Longest Increasing Path in Matrix | D51: Hard | E51: DFS + DP | F51: =IF(COUNTIFS('DSA Problem Tracker'!$C:$C,C51,'DSA Problem Tracker'!$E:$E,"Solved")>0,"Solved","") | G51: =IF(F51="Solved",IF(COUNTIFS('DSA Problem Tracker'!$C:$C,C51,'DSA Problem Tracker'!$E:$E,"Solved")>0,INDEX('DSA Problem Tracker'!$F:$F,MATCH(C51,'DSA Problem Tracker'!$C:$C,0)),TODAY()),"")
A52: 51 | B52: Netflix | C52: Longest Common Subsequence | D52: Medium | E52: DP | F52: =IF(COUNTIFS('DSA Problem Tracker'!$C:$C,C52,'DSA Problem Tracker'!$E:$E,"Solved")>0,"Solved","") | G52: =IF(F52="Solved",IF(COUNTIFS('DSA Problem Tracker'!$C:$C,C52,'DSA Problem Tracker'!$E:$E,"Solved")>0,INDEX('DSA Problem Tracker'!$F:$F,MATCH(C52,'DSA Problem Tracker'!$C:$C,0)),TODAY()),"")
A53: 52 | C53: Search in Rotated Sorted Array | D53: Medium | E53: Binary Search | F53: =IF(COUNTIFS('DSA Problem Tracker'!$C:$C,C53,'DSA Problem Tracker'!$E:$E,"Solved")>0,"Solved","") | G53: =IF(F53="Solved",IF(COUNTIFS('DSA Problem Tracker'!$C:$C,C53,'DSA Problem Tracker'!$E:$E,"Solved")>0,INDEX('DSA Problem Tracker'!$F:$F,MATCH(C53,'DSA Problem Tracker'!$C:$C,0)),TODAY()),"")
A54: 53 | C54: Top K Frequent Words | D54: Medium | E54: Heap | F54: =IF(COUNTIFS('DSA Problem Tracker'!$C:$C,C54,'DSA Problem Tracker'!$E:$E,"Solved")>0,"Solved","") | G54: =IF(F54="Solved",IF(COUNTIFS('DSA Problem Tracker'!$C:$C,C54,'DSA Problem Tracker'!$E:$E,"Solved")>0,INDEX('DSA Problem Tracker'!$F:$F,MATCH(C54,'DSA Problem Tracker'!$C:$C,0)),TODAY()),"")
A55: 54 | C55: Design Video Streaming Service | D55: Hard | E55: Design | F55: =IF(COUNTIFS('DSA Problem Tracker'!$C:$C,C55,'DSA Problem Tracker'!$E:$E,"Solved")>0,"Solved","") | G55: =IF(F55="Solved",IF(COUNTIFS('DSA Problem Tracker'!$C:$C,C55,'DSA Problem Tracker'!$E:$E,"Solved")>0,INDEX('DSA Problem Tracker'!$F:$F,MATCH(C55,'DSA Problem Tracker'!$C:$C,0)),TODAY()),"")
A56: 55 | C56: Find Median from Data Stream | D56: Hard | E56: Two Heaps | F56: =IF(COUNTIFS('DSA Problem Tracker'!$C:$C,C56,'DSA Problem Tracker'!$E:$E,"Solved")>0,"Solved","") | G56: =IF(F56="Solved",IF(COUNTIFS('DSA Problem Tracker'!$C:$C,C56,'DSA Problem Tracker'!$E:$E,"Solved")>0,INDEX('DSA Problem Tracker'!$F:$F,MATCH(C56,'DSA Problem Tracker'!$C:$C,0)),TODAY()),"")
A57: 56 | C57: Jump Game II | D57: Medium | E57: Greedy | F57: =IF(COUNTIFS('DSA Problem Tracker'!$C:$C,C57,'DSA Problem Tracker'!$E:$E,"Solved")>0,"Solved","") | G57: =IF(F57="Solved",IF(COUNTIFS('DSA Problem Tracker'!$C:$C,C57,'DSA Problem Tracker'!$E:$E,"Solved")>0,INDEX('DSA Problem Tracker'!$F:$F,MATCH(C57,'DSA Problem Tracker'!$C:$C,0)),TODAY()),"")
A58: 57 | C58: Regular Expression Matching | D58: Hard | E58: DP | F58: =IF(COUNTIFS('DSA Problem Tracker'!$C:$C,C58,'DSA Problem Tracker'!$E:$E,"Solved")>0,"Solved","") | G58: =IF(F58="Solved",IF(COUNTIFS('DSA Problem Tracker'!$C:$C,C58,'DSA Problem Tracker'!$E:$E,"Solved")>0,INDEX('DSA Problem Tracker'!$F:$F,MATCH(C58,'DSA Problem Tracker'!$C:$C,0)),TODAY()),"")
A59: 58 | C59: Course Schedule | D59: Medium | E59: Topological Sort | F59: =IF(COUNTIFS('DSA Problem Tracker'!$C:$C,C59,'DSA Problem Tracker'!$E:$E,"Solved")>0,"Solved","") | G59: =IF(F59="Solved",IF(COUNTIFS('DSA Problem Tracker'!$C:$C,C59,'DSA Problem Tracker'!$E:$E,"Solved")>0,INDEX('DSA Problem Tracker'!$F:$F,MATCH(C59,'DSA Problem Tracker'!$C:$C,0)),TODAY()),"")
A60: 59 | C60: Valid Sudoku | D60: Medium | E60: Hash Map | F60: =IF(COUNTIFS('DSA Problem Tracker'!$C:$C,C60,'DSA Problem Tracker'!$E:$E,"Solved")>0,"Solved","") | G60: =IF(F60="Solved",IF(COUNTIFS('DSA Problem Tracker'!$C:$C,C60,'DSA Problem Tracker'!$E:$E,"Solved")>0,INDEX('DSA Problem Tracker'!$F:$F,MATCH(C60,'DSA Problem Tracker'!$C:$C,0)),TODAY()),"")
A61: 60 | C61: Maximum Profit in Job Scheduling | D61: Hard | E61: DP | F61: =IF(COUNTIFS('DSA Problem Tracker'!$C:$C,C61,'DSA Problem Tracker'!$E:$E,"Solved")>0,"Solved","") | G61: =IF(F61="Solved",IF(COUNTIFS('DSA Problem Tracker'!$C:$C,C61,'DSA Problem Tracker'!$E:$E,"Solved")>0,INDEX('DSA Problem Tracker'!$F:$F,MATCH(C61,'DSA Problem Tracker'!$C:$C,0)),TODAY()),"")
A62: 61 | B62: Adobe | C62: Merge Intervals | D62: Medium | E62: Intervals | F62: =IF(COUNTIFS('DSA Problem Tracker'!$C:$C,C62,'DSA Problem Tracker'!$E:$E,"Solved")>0,"Solved","") | G62: =IF(F62="Solved",IF(COUNTIFS('DSA Problem Tracker'!$C:$C,C62,'DSA Problem Tracker'!$E:$E,"Solved")>0,INDEX('DSA Problem Tracker'!$F:$F,MATCH(C62,'DSA Problem Tracker'!$C:$C,0)),TODAY()),"")
A63: 62 | C63: Reverse Words in String | D63: Medium | E63: String | F63: =IF(COUNTIFS('DSA Problem Tracker'!$C:$C,C63,'DSA Problem Tracker'!$E:$E,"Solved")>0,"Solved","") | G63: =IF(F63="Solved",IF(COUNTIFS('DSA Problem Tracker'!$C:$C,C63,'DSA Problem Tracker'!$E:$E,"Solved")>0,INDEX('DSA Problem Tracker'!$F:$F,MATCH(C63,'DSA Problem Tracker'!$C:$C,0)),TODAY()),"")
A64: 63 | C64: Flatten Binary Tree to Linked List | D64: Medium | E64: Trees | F64: =IF(COUNTIFS('DSA Problem Tracker'!$C:$C,C64,'DSA Problem Tracker'!$E:$E,"Solved")>0,"Solved","") | G64: =IF(F64="Solved",IF(COUNTIFS('DSA Problem Tracker'!$C:$C,C64,'DSA Problem Tracker'!$E:$E,"Solved")>0,INDEX('DSA Problem Tracker'!$F:$F,MATCH(C64,'DSA Problem Tracker'!$C:$C,0)),TODAY()),"")
A65: 64 | C65: Kth Smallest Element in BST | D65: Medium | E65: Trees | F65: =IF(COUNTIFS('DSA Problem Tracker'!$C:$C,C65,'DSA Problem Tracker'!$E:$E,"Solved")>0,"Solved","") | G65: =IF(F65="Solved",IF(COUNTIFS('DSA Problem Tracker'!$C:$C,C65,'DSA Problem Tracker'!$E:$E,"Solved")>0,INDEX('DSA Problem Tracker'!$F:$F,MATCH(C65,'DSA Problem Tracker'!$C:$C,0)),TODAY()),"")
A66: 65 | C66: Design Search Autocomplete | D66: Hard | E66: Trie | F66: =IF(COUNTIFS('DSA Problem Tracker'!$C:$C,C66,'DSA Problem Tracker'!$E:$E,"Solved")>0,"Solved","") | G66: =IF(F66="Solved",IF(COUNTIFS('DSA Problem Tracker'!$C:$C,C66,'DSA Problem Tracker'!$E:$E,"Solved")>0,INDEX('DSA Problem Tracker'!$F:$F,MATCH(C66,'DSA Problem Tracker'!$C:$C,0)),TODAY()),"")
A67: 66 | C67: Minimum Window Substring | D67: Hard | E67: Sliding Window | F67: =IF(COUNTIFS('DSA Problem Tracker'!$C:$C,C67,'DSA Problem Tracker'!$E:$E,"Solved")>0,"Solved","") | G67: =IF(F67="Solved",IF(COUNTIFS('DSA Problem Tracker'!$C:$C,C67,'DSA Problem Tracker'!$E:$E,"Solved")>0,INDEX('DSA Problem Tracker'!$F:$F,MATCH(C67,'DSA Problem Tracker'!$C:$C,0)),TODAY()),"")
A68: 67 | C68: Palindrome Partitioning | D68: Medium | E68: Backtracking | F68: =IF(COUNTIFS('DSA Problem Tracker'!$C:$C,C68,'DSA Problem Tracker'!$E:$E,"Solved")>0,"Solved","") | G68: =IF(F68="Solved",IF(COUNTIFS('DSA Problem Tracker'!$C:$C,C68,'DSA Problem Tracker'!$E:$E,"Solved")>0,INDEX('DSA Problem Tracker'!$F:$F,MATCH(C68,'DSA Problem Tracker'!$C:$C,0)),TODAY()),"")
A69: 68 | C69: Number of Matching Subsequences | D69: Medium | E69: Hash Map | F69: =IF(COUNTIFS('DSA Problem Tracker'!$C:$C,C69,'DSA Problem Tracker'!$E:$E,"Solved")>0,"Solved","") | G69: =IF(F69="Solved",IF(COUNTIFS('DSA Problem Tracker'!$C:$C,C69,'DSA Problem Tracker'!$E:$E,"Solved")>0,INDEX('DSA Problem Tracker'!$F:$F,MATCH(C69,'DSA Problem Tracker'!$C:$C,0)),TODAY()),"")
A70: 69 | C70: Design File System | D70: Medium | E70: Design | F70: =IF(COUNTIFS('DSA Problem Tracker'!$C:$C,C70,'DSA Problem Tracker'!$E:$E,"Solved")>0,"Solved","") | G70: =IF(F70="Solved",IF(COUNTIFS('DSA Problem Tracker'!$C:$C,C70,'DSA Problem Tracker'!$E:$E,"Solved")>0,INDEX('DSA Problem Tracker'!$F:$F,MATCH(C70,'DSA Problem Tracker'!$C:$C,0)),TODAY()),"")
A71: 70 | C71: Word Ladder II | D71: Hard | E71: BFS + Backtracking | F71: =IF(COUNTIFS('DSA Problem Tracker'!$C:$C,C71,'DSA Problem Tracker'!$E:$E,"Solved")>0,"Solved","") | G71: =IF(F71="Solved",IF(COUNTIFS('DSA Problem Tracker'!$C:$C,C71,'DSA Problem Tracker'!$E:$E,"Solved")>0,INDEX('DSA Problem Tracker'!$F:$F,MATCH(C71,'DSA Problem Tracker'!$C:$C,0)),TODAY()),"")
A72: 71 | B72: Uber | C72: Valid Parentheses | D72: Easy | E72: Stack | F72: =IF(COUNTIFS('DSA Problem Tracker'!$C:$C,C72,'DSA Problem Tracker'!$E:$E,"Solved")>0,"Solved","") | G72: =IF(F72="Solved",IF(COUNTIFS('DSA Problem Tracker'!$C:$C,C72,'DSA Problem Tracker'!$E:$E,"Solved")>0,INDEX('DSA Problem Tracker'!$F:$F,MATCH(C72,'DSA Problem Tracker'!$C:$C,0)),TODAY()),"")
A73: 72 | C73: Group Anagrams | D73: Medium | E73: Hash Map | F73: =IF(COUNTIFS('DSA Problem Tracker'!$C:$C,C73,'DSA Problem Tracker'!$E:$E,"Solved")>0,"Solved","") | G73: =IF(F73="Solved",IF(COUNTIFS('DSA Problem Tracker'!$C:$C,C73,'DSA Problem Tracker'!$E:$E,"Solved")>0,INDEX('DSA Problem Tracker'!$F:$F,MATCH(C73,'DSA Problem Tracker'!$C:$C,0)),TODAY()),"")
A74: 73 | C74: Generate Parentheses | D74: Medium | E74: Backtracking | F74: =IF(COUNTIFS('DSA Problem Tracker'!$C:$C,C74,'DSA Problem Tracker'!$E:$E,"Solved")>0,"Solved","") | G74: =IF(F74="Solved",IF(COUNTIFS('DSA Problem Tracker'!$C:$C,C74,'DSA Problem Tracker'!$E:$E,"Solved")>0,INDEX('DSA Problem Tracker'!$F:$F,MATCH(C74,'DSA Problem Tracker'!$C:$C,0)),TODAY()),"")
A75: 74 | C75: Serialize Deserialize Binary Tree | D75: Hard | E75: Trees | F75: =IF(COUNTIFS('DSA Problem Tracker'!$C:$C,C75,'DSA Problem Tracker'!$E:$E,"Solved")>0,"Solved","") | G75: =IF(F75="Solved",IF(COUNTIFS('DSA Problem Tracker'!$C:$C,C75,'DSA Problem Tracker'!$E:$E,"Solved")>0,INDEX('DSA Problem Tracker'!$F:$F,MATCH(C75,'DSA Problem Tracker'!$C:$C,0)),TODAY()),"")
A76: 75 | C76: Design Uber | D76: Hard | E76: Design | F76: =IF(COUNTIFS('DSA Problem Tracker'!$C:$C,C76,'DSA Problem Tracker'!$E:$E,"Solved")>0,"Solved","") | G76: =IF(F76="Solved",IF(COUNTIFS('DSA Problem Tracker'!$C:$C,C76,'DSA Problem Tracker'!$E:$E,"Solved")>0,INDEX('DSA Problem Tracker'!$F:$F,MATCH(C76,'DSA Problem Tracker'!$C:$C,0)),TODAY()),"")
A77: 76 | C77: Word Break | D77: Medium | E77: DP | F77: =IF(COUNTIFS('DSA Problem Tracker'!$C:$C,C77,'DSA Problem Tracker'!$E:$E,"Solved")>0,"Solved","") | G77: =IF(F77="Solved",IF(COUNTIFS('DSA Problem Tracker'!$C:$C,C77,'DSA Problem Tracker'!$E:$E,"Solved")>0,INDEX('DSA Problem Tracker'!$F:$F,MATCH(C77,'DSA Problem Tracker'!$C:$C,0)),TODAY()),"")
A78: 77 | C78: Minimum Window Substring | D78: Hard | E78: Sliding Window | F78: =IF(COUNTIFS('DSA Problem Tracker'!$C:$C,C78,'DSA Problem Tracker'!$E:$E,"Solved")>0,"Solved","") | G78: =IF(F78="Solved",IF(COUNTIFS('DSA Problem Tracker'!$C:$C,C78,'DSA Problem Tracker'!$E:$E,"Solved")>0,INDEX('DSA Problem Tracker'!$F:$F,MATCH(C78,'DSA Problem Tracker'!$C:$C,0)),TODAY()),"")
A79: 78 | C79: Shortest Path in Binary Matrix | D79: Medium | E79: BFS | F79: =IF(COUNTIFS('DSA Problem Tracker'!$C:$C,C79,'DSA Problem Tracker'!$E:$E,"Solved")>0,"Solved","") | G79: =IF(F79="Solved",IF(COUNTIFS('DSA Problem Tracker'!$C:$C,C79,'DSA Problem Tracker'!$E:$E,"Solved")>0,INDEX('DSA Problem Tracker'!$F:$F,MATCH(C79,'DSA Problem Tracker'!$C:$C,0)),TODAY()),"")
A80: 79 | C80: Design Rate Limiter | D80: Medium | E80: Design | F80: =IF(COUNTIFS('DSA Problem Tracker'!$C:$C,C80,'DSA Problem Tracker'!$E:$E,"Solved")>0,"Solved","") | G80: =IF(F80="Solved",IF(COUNTIFS('DSA Problem Tracker'!$C:$C,C80,'DSA Problem Tracker'!$E:$E,"Solved")>0,INDEX('DSA Problem Tracker'!$F:$F,MATCH(C80,'DSA Problem Tracker'!$C:$C,0)),TODAY()),"")
A81: 80 | C81: All Nodes K Distance in Binary Tree | D81: Medium | E81: Trees | F81: =IF(COUNTIFS('DSA Problem Tracker'!$C:$C,C81,'DSA Problem Tracker'!$E:$E,"Solved")>0,"Solved","") | G81: =IF(F81="Solved",IF(COUNTIFS('DSA Problem Tracker'!$C:$C,C81,'DSA Problem Tracker'!$E:$E,"Solved")>0,INDEX('DSA Problem Tracker'!$F:$F,MATCH(C81,'DSA Problem Tracker'!$C:$C,0)),TODAY()),"")
A82: 81 | B82: LinkedIn | C82: Two Sum | D82: Easy | E82: Hash Map | F82: =IF(COUNTIFS('DSA Problem Tracker'!$C:$C,C82,'DSA Problem Tracker'!$E:$E,"Solved")>0,"Solved","") | G82: =IF(F82="Solved",IF(COUNTIFS('DSA Problem Tracker'!$C:$C,C82,'DSA Problem Tracker'!$E:$E,"Solved")>0,INDEX('DSA Problem Tracker'!$F:$F,MATCH(C82,'DSA Problem Tracker'!$C:$C,0)),TODAY()),"")
A83: 82 | C83: Isomorphic Strings | D83: Easy | E83: Hash Map | F83: =IF(COUNTIFS('DSA Problem Tracker'!$C:$C,C83,'DSA Problem Tracker'!$E:$E,"Solved")>0,"Solved","") | G83: =IF(F83="Solved",IF(COUNTIFS('DSA Problem Tracker'!$C:$C,C83,'DSA Problem Tracker'!$E:$E,"Solved")>0,INDEX('DSA Problem Tracker'!$F:$F,MATCH(C83,'DSA Problem Tracker'!$C:$C,0)),TODAY()),"")
A84: 83 | C84: Max Stack | D84: Easy | E84: Design | F84: =IF(COUNTIFS('DSA Problem Tracker'!$C:$C,C84,'DSA Problem Tracker'!$E:$E,"Solved")>0,"Solved","") | G84: =IF(F84="Solved",IF(COUNTIFS('DSA Problem Tracker'!$C:$C,C84,'DSA Problem Tracker'!$E:$E,"Solved")>0,INDEX('DSA Problem Tracker'!$F:$F,MATCH(C84,'DSA Problem Tracker'!$C:$C,0)),TODAY()),"")
A85: 84 | C85: Nested List Weight Sum | D85: Medium | E85: DFS | F85: =IF(COUNTIFS('DSA Problem Tracker'!$C:$C,C85,'DSA Problem Tracker'!$E:$E,"Solved")>0,"Solved","") | G85: =IF(F85="Solved",IF(COUNTIFS('DSA Problem Tracker'!$C:$C,C85,'DSA Problem Tracker'!$E:$E,"Solved")>0,INDEX('DSA Problem Tracker'!$F:$F,MATCH(C85,'DSA Problem Tracker'!$C:$C,0)),TODAY()),"")
A86: 85 | C86: Find K Closest Elements | D86: Medium | E86: Binary Search | F86: =IF(COUNTIFS('DSA Problem Tracker'!$C:$C,C86,'DSA Problem Tracker'!$E:$E,"Solved")>0,"Solved","") | G86: =IF(F86="Solved",IF(COUNTIFS('DSA Problem Tracker'!$C:$C,C86,'DSA Problem Tracker'!$E:$E,"Solved")>0,INDEX('DSA Problem Tracker'!$F:$F,MATCH(C86,'DSA Problem Tracker'!$C:$C,0)),TODAY()),"")
A87: 86 | C87: Design Browser History | D87: Medium | E87: Design | F87: =IF(COUNTIFS('DSA Problem Tracker'!$C:$C,C87,'DSA Problem Tracker'!$E:$E,"Solved")>0,"Solved","") | G87: =IF(F87="Solved",IF(COUNTIFS('DSA Problem Tracker'!$C:$C,C87,'DSA Problem Tracker'!$E:$E,"Solved")>0,INDEX('DSA Problem Tracker'!$F:$F,MATCH(C87,'DSA Problem Tracker'!$C:$C,0)),TODAY()),"")
A88: 87 | C88: Search Suggestions System | D88: Medium | E88: Trie | F88: =IF(COUNTIFS('DSA Problem Tracker'!$C:$C,C88,'DSA Problem Tracker'!$E:$E,"Solved")>0,"Solved","") | G88: =IF(F88="Solved",IF(COUNTIFS('DSA Problem Tracker'!$C:$C,C88,'DSA Problem Tracker'!$E:$E,"Solved")>0,INDEX('DSA Problem Tracker'!$F:$F,MATCH(C88,'DSA Problem Tracker'!$C:$C,0)),TODAY()),"")
A89: 88 | C89: Insert Delete GetRandom O(1) | D89: Medium | E89: Design | F89: =IF(COUNTIFS('DSA Problem Tracker'!$C:$C,C89,'DSA Problem Tracker'!$E:$E,"Solved")>0,"Solved","") | G89: =IF(F89="Solved",IF(COUNTIFS('DSA Problem Tracker'!$C:$C,C89,'DSA Problem Tracker'!$E:$E,"Solved")>0,INDEX('DSA Problem Tracker'!$F:$F,MATCH(C89,'DSA Problem Tracker'!$C:$C,0)),TODAY()),"")
A90: 89 | C90: Binary Tree Right Side View | D90: Medium | E90: BFS | F90: =IF(COUNTIFS('DSA Problem Tracker'!$C:$C,C90,'DSA Problem Tracker'!$E:$E,"Solved")>0,"Solved","") | G90: =IF(F90="Solved",IF(COUNTIFS('DSA Problem Tracker'!$C:$C,C90,'DSA Problem Tracker'!$E:$E,"Solved")>0,INDEX('DSA Problem Tracker'!$F:$F,MATCH(C90,'DSA Problem Tracker'!$C:$C,0)),TODAY()),"")
A91: 90 | C91: Shortest Word Distance II | D91: Medium | E91: Design | F91: =IF(COUNTIFS('DSA Problem Tracker'!$C:$C,C91,'DSA Problem Tracker'!$E:$E,"Solved")>0,"Solved","") | G91: =IF(F91="Solved",IF(COUNTIFS('DSA Problem Tracker'!$C:$C,C91,'DSA Problem Tracker'!$E:$E,"Solved")>0,INDEX('DSA Problem Tracker'!$F:$F,MATCH(C91,'DSA Problem Tracker'!$C:$C,0)),TODAY()),"")
A92: 91 | B92: Salesforce | C92: Valid Anagram | D92: Easy | E92: Hash Map | F92: =IF(COUNTIFS('DSA Problem Tracker'!$C:$C,C92,'DSA Problem Tracker'!$E:$E,"Solved")>0,"Solved","") | G92: =IF(F92="Solved",IF(COUNTIFS('DSA Problem Tracker'!$C:$C,C92,'DSA Problem Tracker'!$E:$E,"Solved")>0,INDEX('DSA Problem Tracker'!$F:$F,MATCH(C92,'DSA Problem Tracker'!$C:$C,0)),TODAY()),"")
A93: 92 | C93: Plus One | D93: Easy | E93: Array | F93: =IF(COUNTIFS('DSA Problem Tracker'!$C:$C,C93,'DSA Problem Tracker'!$E:$E,"Solved")>0,"Solved","") | G93: =IF(F93="Solved",IF(COUNTIFS('DSA Problem Tracker'!$C:$C,C93,'DSA Problem Tracker'!$E:$E,"Solved")>0,INDEX('DSA Problem Tracker'!$F:$F,MATCH(C93,'DSA Problem Tracker'!$C:$C,0)),TODAY()),"")
A94: 93 | C94: Longest Substring Without Repeating | D94: Medium | E94: Sliding Window | F94: =IF(COUNTIFS('DSA Problem Tracker'!$C:$C,C94,'DSA Problem Tracker'!$E:$E,"Solved")>0,"Solved","") | G94: =IF(F94="Solved",IF(COUNTIFS('DSA Problem Tracker'!$C:$C,C94,'DSA Problem Tracker'!$E:$E,"Solved")>0,INDEX('DSA Problem Tracker'!$F:$F,MATCH(C94,'DSA Problem Tracker'!$C:$C,0)),TODAY()),"")
A95: 94 | C95: 3Sum | D95: Medium | E95: Two Pointers | F95: =IF(COUNTIFS('DSA Problem Tracker'!$C:$C,C95,'DSA Problem Tracker'!$E:$E,"Solved")>0,"Solved","") | G95: =IF(F95="Solved",IF(COUNTIFS('DSA Problem Tracker'!$C:$C,C95,'DSA Problem Tracker'!$E:$E,"Solved")>0,INDEX('DSA Problem Tracker'!$F:$F,MATCH(C95,'DSA Problem Tracker'!$C:$C,0)),TODAY()),"")
A96: 95 | C96: Design HashMap | D96: Easy | E96: Design | F96: =IF(COUNTIFS('DSA Problem Tracker'!$C:$C,C96,'DSA Problem Tracker'!$E:$E,"Solved")>0,"Solved","") | G96: =IF(F96="Solved",IF(COUNTIFS('DSA Problem Tracker'!$C:$C,C96,'DSA Problem Tracker'!$E:$E,"Solved")>0,INDEX('DSA Problem Tracker'!$F:$F,MATCH(C96,'DSA Problem Tracker'!$C:$C,0)),TODAY()),"")
A97: 96 | C97: LRU Cache | D97: Medium | E97: Design | F97: =IF(COUNTIFS('DSA Problem Tracker'!$C:$C,C97,'DSA Problem Tracker'!$E:$E,"Solved")>0,"Solved","") | G97: =IF(F97="Solved",IF(COUNTIFS('DSA Problem Tracker'!$C:$C,C97,'DSA Problem Tracker'!$E:$E,"Solved")>0,INDEX('DSA Problem Tracker'!$F:$F,MATCH(C97,'DSA Problem Tracker'!$C:$C,0)),TODAY()),"")
A98: 97 | C98: Combination Sum | D98: Medium | E98: Backtracking | F98: =IF(COUNTIFS('DSA Problem Tracker'!$C:$C,C98,'DSA Problem Tracker'!$E:$E,"Solved")>0,"Solved","") | G98: =IF(F98="Solved",IF(COUNTIFS('DSA Problem Tracker'!$C:$C,C98,'DSA Problem Tracker'!$E:$E,"Solved")>0,INDEX('DSA Problem Tracker'!$F:$F,MATCH(C98,'DSA Problem Tracker'!$C:$C,0)),TODAY()),"")
A99: 98 | C99: Letter Combinations Phone Number | D99: Medium | E99: Backtracking | F99: =IF(COUNTIFS('DSA Problem Tracker'!$C:$C,C99,'DSA Problem Tracker'!$E:$E,"Solved")>0,"Solved","") | G99: =IF(F99="Solved",IF(COUNTIFS('DSA Problem Tracker'!$C:$C,C99,'DSA Problem Tracker'!$E:$E,"Solved")>0,INDEX('DSA Problem Tracker'!$F:$F,MATCH(C99,'DSA Problem Tracker'!$C:$C,0)),TODAY()),"")
A100: 99 | C100: Accounts Merge | D100: Medium | E100: Union Find | F100: =IF(COUNTIFS('DSA Problem Tracker'!$C:$C,C100,'DSA Problem Tracker'!$E:$E,"Solved")>0,"Solved","") | G100: =IF(F100="Solved",IF(COUNTIFS('DSA Problem Tracker'!$C:$C,C100,'DSA Problem Tracker'!$E:$E,"Solved")>0,INDEX('DSA Problem Tracker'!$F:$F,MATCH(C100,'DSA Problem Tracker'!$C:$C,0)),TODAY()),"")
...
